{
    "counter": {
        "ACTIVE": 24313,
        "INACTIVE": 4,
        "INVALID": 0,
        "MALICIOUS": 0,
        "SANE": 0,
        "VALID": 0,
        "total": 24317
    },
    "percentage": {
        "ACTIVE": 99.98355060245919,
        "INACTIVE": 0.016449397540815067,
        "INVALID": 0.0,
        "MALICIOUS": 0.0,
        "SANE": 0.0,
        "VALID": 0.0,
        "total": 100.0
    }
}