{
    "counter": {
        "ACTIVE": 14736,
        "INACTIVE": 3,
        "INVALID": 0,
        "MALICIOUS": 0,
        "SANE": 0,
        "VALID": 0,
        "total": 14739
    },
    "percentage": {
        "ACTIVE": 99.97964583757378,
        "INACTIVE": 0.02035416242621616,
        "INVALID": 0.0,
        "MALICIOUS": 0.0,
        "SANE": 0.0,
        "VALID": 0.0,
        "total": 100.0
    }
}