{
    "counter": {
        "ACTIVE": 24140,
        "INACTIVE": 26,
        "INVALID": 0,
        "MALICIOUS": 0,
        "SANE": 0,
        "VALID": 0,
        "total": 24166
    },
    "percentage": {
        "ACTIVE": 99.8924108251262,
        "INACTIVE": 0.10758917487378962,
        "INVALID": 0.0,
        "MALICIOUS": 0.0,
        "SANE": 0.0,
        "VALID": 0.0,
        "total": 100.0
    }
}