{
    "counter": {
        "ACTIVE": 24312,
        "INACTIVE": 32,
        "INVALID": 0,
        "MALICIOUS": 0,
        "SANE": 0,
        "VALID": 0,
        "total": 24344
    },
    "percentage": {
        "ACTIVE": 99.86855077226421,
        "INACTIVE": 0.13144922773578704,
        "INVALID": 0.0,
        "MALICIOUS": 0.0,
        "SANE": 0.0,
        "VALID": 0.0,
        "total": 100.0
    }
}