{
    "counter": {
        "ACTIVE": 24163,
        "INACTIVE": 4,
        "INVALID": 0,
        "MALICIOUS": 0,
        "SANE": 0,
        "VALID": 0,
        "total": 24167
    },
    "percentage": {
        "ACTIVE": 99.98344850415856,
        "INACTIVE": 0.01655149584143667,
        "INVALID": 0.0,
        "MALICIOUS": 0.0,
        "SANE": 0.0,
        "VALID": 0.0,
        "total": 100.0
    }
}