{
    "counter": {
        "ACTIVE": 24163,
        "INACTIVE": 9,
        "INVALID": 0,
        "MALICIOUS": 0,
        "SANE": 0,
        "VALID": 0,
        "total": 24172
    },
    "percentage": {
        "ACTIVE": 99.96276683766341,
        "INACTIVE": 0.037233162336587786,
        "INVALID": 0.0,
        "MALICIOUS": 0.0,
        "SANE": 0.0,
        "VALID": 0.0,
        "total": 100.0
    }
}