{
    "counter": {
        "ACTIVE": 24230,
        "INACTIVE": 5,
        "INVALID": 0,
        "MALICIOUS": 0,
        "SANE": 0,
        "VALID": 0,
        "total": 24235
    },
    "percentage": {
        "ACTIVE": 99.97936868165876,
        "INACTIVE": 0.020631318341242006,
        "INVALID": 0.0,
        "MALICIOUS": 0.0,
        "SANE": 0.0,
        "VALID": 0.0,
        "total": 100.0
    }
}