{
    "counter": {
        "ACTIVE": 14739,
        "INACTIVE": 1,
        "INVALID": 0,
        "MALICIOUS": 0,
        "SANE": 0,
        "VALID": 0,
        "total": 14740
    },
    "percentage": {
        "ACTIVE": 99.9932157394844,
        "INACTIVE": 0.0067842605156037995,
        "INVALID": 0.0,
        "MALICIOUS": 0.0,
        "SANE": 0.0,
        "VALID": 0.0,
        "total": 100.0
    }
}