{
    "counter": {
        "ACTIVE": 24082,
        "INACTIVE": 17,
        "INVALID": 0,
        "MALICIOUS": 0,
        "SANE": 0,
        "VALID": 0,
        "total": 24099
    },
    "percentage": {
        "ACTIVE": 99.92945765384455,
        "INACTIVE": 0.07054234615544214,
        "INVALID": 0.0,
        "MALICIOUS": 0.0,
        "SANE": 0.0,
        "VALID": 0.0,
        "total": 100.0
    }
}