{
    "counter": {
        "ACTIVE": 13958,
        "INACTIVE": 1,
        "INVALID": 0,
        "MALICIOUS": 0,
        "SANE": 0,
        "VALID": 0,
        "total": 13959
    },
    "percentage": {
        "ACTIVE": 99.99283616304893,
        "INACTIVE": 0.0071638369510709935,
        "INVALID": 0.0,
        "MALICIOUS": 0.0,
        "SANE": 0.0,
        "VALID": 0.0,
        "total": 100.0
    }
}