{
    "counter": {
        "ACTIVE": 14138,
        "INACTIVE": 5,
        "INVALID": 0,
        "MALICIOUS": 0,
        "SANE": 0,
        "VALID": 0,
        "total": 14143
    },
    "percentage": {
        "ACTIVE": 99.96464682174927,
        "INACTIVE": 0.03535317825072474,
        "INVALID": 0.0,
        "MALICIOUS": 0.0,
        "SANE": 0.0,
        "VALID": 0.0,
        "total": 100.0
    }
}