{
    "counter": {
        "ACTIVE": 24133,
        "INACTIVE": 1,
        "INVALID": 0,
        "MALICIOUS": 0,
        "SANE": 0,
        "VALID": 0,
        "total": 24134
    },
    "percentage": {
        "ACTIVE": 99.99585646805338,
        "INACTIVE": 0.004143531946631309,
        "INVALID": 0.0,
        "MALICIOUS": 0.0,
        "SANE": 0.0,
        "VALID": 0.0,
        "total": 100.0
    }
}