{
    "counter": {
        "ACTIVE": 14378,
        "INACTIVE": 3,
        "INVALID": 0,
        "MALICIOUS": 0,
        "SANE": 0,
        "VALID": 0,
        "total": 14381
    },
    "percentage": {
        "ACTIVE": 99.97913914192337,
        "INACTIVE": 0.020860858076628887,
        "INVALID": 0.0,
        "MALICIOUS": 0.0,
        "SANE": 0.0,
        "VALID": 0.0,
        "total": 100.0
    }
}