{
    "counter": {
        "ACTIVE": 24008,
        "INACTIVE": 10,
        "INVALID": 0,
        "MALICIOUS": 0,
        "SANE": 0,
        "VALID": 0,
        "total": 24018
    },
    "percentage": {
        "ACTIVE": 99.95836455991339,
        "INACTIVE": 0.041635440086601715,
        "INVALID": 0.0,
        "MALICIOUS": 0.0,
        "SANE": 0.0,
        "VALID": 0.0,
        "total": 100.0
    }
}