{
    "counter": {
        "ACTIVE": 14386,
        "INACTIVE": 2,
        "INVALID": 0,
        "MALICIOUS": 0,
        "SANE": 0,
        "VALID": 0,
        "total": 14388
    },
    "percentage": {
        "ACTIVE": 99.98609952738393,
        "INACTIVE": 0.013900472616068946,
        "INVALID": 0.0,
        "MALICIOUS": 0.0,
        "SANE": 0.0,
        "VALID": 0.0,
        "total": 100.0
    }
}