{
    "counter": {
        "ACTIVE": 24144,
        "INACTIVE": 4,
        "INVALID": 0,
        "MALICIOUS": 0,
        "SANE": 0,
        "VALID": 0,
        "total": 24148
    },
    "percentage": {
        "ACTIVE": 99.98343548119927,
        "INACTIVE": 0.016564518800728838,
        "INVALID": 0.0,
        "MALICIOUS": 0.0,
        "SANE": 0.0,
        "VALID": 0.0,
        "total": 100.0
    }
}