{
    "counter": {
        "ACTIVE": 15995,
        "INACTIVE": 1,
        "INVALID": 0,
        "MALICIOUS": 0,
        "SANE": 0,
        "VALID": 0,
        "total": 15996
    },
    "percentage": {
        "ACTIVE": 99.99374843710928,
        "INACTIVE": 0.006251562890722681,
        "INVALID": 0.0,
        "MALICIOUS": 0.0,
        "SANE": 0.0,
        "VALID": 0.0,
        "total": 100.0
    }
}