{
    "counter": {
        "ACTIVE": 24162,
        "INACTIVE": 35,
        "INVALID": 0,
        "MALICIOUS": 0,
        "SANE": 0,
        "VALID": 0,
        "total": 24197
    },
    "percentage": {
        "ACTIVE": 99.85535396950036,
        "INACTIVE": 0.14464603049964872,
        "INVALID": 0.0,
        "MALICIOUS": 0.0,
        "SANE": 0.0,
        "VALID": 0.0,
        "total": 100.0
    }
}