{
    "counter": {
        "ACTIVE": 24380,
        "INACTIVE": 4,
        "INVALID": 0,
        "MALICIOUS": 0,
        "SANE": 0,
        "VALID": 0,
        "total": 24384
    },
    "percentage": {
        "ACTIVE": 99.98359580052494,
        "INACTIVE": 0.016404199475065617,
        "INVALID": 0.0,
        "MALICIOUS": 0.0,
        "SANE": 0.0,
        "VALID": 0.0,
        "total": 100.0
    }
}