{
    "counter": {
        "ACTIVE": 24128,
        "INACTIVE": 5,
        "INVALID": 0,
        "MALICIOUS": 0,
        "SANE": 0,
        "VALID": 0,
        "total": 24133
    },
    "percentage": {
        "ACTIVE": 99.97928148178842,
        "INACTIVE": 0.020718518211577507,
        "INVALID": 0.0,
        "MALICIOUS": 0.0,
        "SANE": 0.0,
        "VALID": 0.0,
        "total": 100.0
    }
}