{
    "counter": {
        "ACTIVE": 15994,
        "INACTIVE": 5,
        "INVALID": 0,
        "MALICIOUS": 0,
        "SANE": 0,
        "VALID": 0,
        "total": 15999
    },
    "percentage": {
        "ACTIVE": 99.96874804675292,
        "INACTIVE": 0.03125195324707794,
        "INVALID": 0.0,
        "MALICIOUS": 0.0,
        "SANE": 0.0,
        "VALID": 0.0,
        "total": 100.0
    }
}