{
    "counter": {
        "ACTIVE": 24258,
        "INACTIVE": 57,
        "INVALID": 0,
        "MALICIOUS": 0,
        "SANE": 0,
        "VALID": 0,
        "total": 24315
    },
    "percentage": {
        "ACTIVE": 99.76557680444171,
        "INACTIVE": 0.23442319555829735,
        "INVALID": 0.0,
        "MALICIOUS": 0.0,
        "SANE": 0.0,
        "VALID": 0.0,
        "total": 100.0
    }
}