{
    "counter": {
        "ACTIVE": 24136,
        "INACTIVE": 1,
        "INVALID": 0,
        "MALICIOUS": 0,
        "SANE": 0,
        "VALID": 0,
        "total": 24137
    },
    "percentage": {
        "ACTIVE": 99.99585698305506,
        "INACTIVE": 0.004143016944939305,
        "INVALID": 0.0,
        "MALICIOUS": 0.0,
        "SANE": 0.0,
        "VALID": 0.0,
        "total": 100.0
    }
}