{
    "counter": {
        "ACTIVE": 24188,
        "INACTIVE": 23,
        "INVALID": 0,
        "MALICIOUS": 0,
        "SANE": 0,
        "VALID": 0,
        "total": 24211
    },
    "percentage": {
        "ACTIVE": 99.90500185865929,
        "INACTIVE": 0.0949981413407129,
        "INVALID": 0.0,
        "MALICIOUS": 0.0,
        "SANE": 0.0,
        "VALID": 0.0,
        "total": 100.0
    }
}