{
    "counter": {
        "ACTIVE": 24135,
        "INACTIVE": 15,
        "INVALID": 0,
        "MALICIOUS": 0,
        "SANE": 0,
        "VALID": 0,
        "total": 24150
    },
    "percentage": {
        "ACTIVE": 99.93788819875776,
        "INACTIVE": 0.062111801242236024,
        "INVALID": 0.0,
        "MALICIOUS": 0.0,
        "SANE": 0.0,
        "VALID": 0.0,
        "total": 100.0
    }
}