{
    "counter": {
        "ACTIVE": 24143,
        "INACTIVE": 7,
        "INVALID": 0,
        "MALICIOUS": 0,
        "SANE": 0,
        "VALID": 0,
        "total": 24150
    },
    "percentage": {
        "ACTIVE": 99.97101449275362,
        "INACTIVE": 0.028985507246376812,
        "INVALID": 0.0,
        "MALICIOUS": 0.0,
        "SANE": 0.0,
        "VALID": 0.0,
        "total": 100.0
    }
}