{
    "counter": {
        "ACTIVE": 24391,
        "INACTIVE": 17,
        "INVALID": 0,
        "MALICIOUS": 0,
        "SANE": 0,
        "VALID": 0,
        "total": 24408
    },
    "percentage": {
        "ACTIVE": 99.93035070468699,
        "INACTIVE": 0.06964929531301213,
        "INVALID": 0.0,
        "MALICIOUS": 0.0,
        "SANE": 0.0,
        "VALID": 0.0,
        "total": 100.0
    }
}