{
    "counter": {
        "ACTIVE": 24135,
        "INACTIVE": 10,
        "INVALID": 0,
        "MALICIOUS": 0,
        "SANE": 0,
        "VALID": 0,
        "total": 24145
    },
    "percentage": {
        "ACTIVE": 99.9585835576724,
        "INACTIVE": 0.04141644232760406,
        "INVALID": 0.0,
        "MALICIOUS": 0.0,
        "SANE": 0.0,
        "VALID": 0.0,
        "total": 100.0
    }
}