{
    "counter": {
        "ACTIVE": 24009,
        "INACTIVE": 2,
        "INVALID": 0,
        "MALICIOUS": 0,
        "SANE": 0,
        "VALID": 0,
        "total": 24011
    },
    "percentage": {
        "ACTIVE": 99.99167048436134,
        "INACTIVE": 0.00832951563866561,
        "INVALID": 0.0,
        "MALICIOUS": 0.0,
        "SANE": 0.0,
        "VALID": 0.0,
        "total": 100.0
    }
}