{
    "counter": {
        "ACTIVE": 15947,
        "INACTIVE": 1,
        "INVALID": 0,
        "MALICIOUS": 0,
        "SANE": 0,
        "VALID": 0,
        "total": 15948
    },
    "percentage": {
        "ACTIVE": 99.99372962126913,
        "INACTIVE": 0.006270378730875345,
        "INVALID": 0.0,
        "MALICIOUS": 0.0,
        "SANE": 0.0,
        "VALID": 0.0,
        "total": 100.0
    }
}