{
    "counter": {
        "ACTIVE": 24300,
        "INACTIVE": 17,
        "INVALID": 0,
        "MALICIOUS": 0,
        "SANE": 0,
        "VALID": 0,
        "total": 24317
    },
    "percentage": {
        "ACTIVE": 99.93009006045153,
        "INACTIVE": 0.06990993954846404,
        "INVALID": 0.0,
        "MALICIOUS": 0.0,
        "SANE": 0.0,
        "VALID": 0.0,
        "total": 100.0
    }
}