{
    "counter": {
        "ACTIVE": 14136,
        "INACTIVE": 4,
        "INVALID": 0,
        "MALICIOUS": 0,
        "SANE": 0,
        "VALID": 0,
        "total": 14140
    },
    "percentage": {
        "ACTIVE": 99.97171145685998,
        "INACTIVE": 0.028288543140028287,
        "INVALID": 0.0,
        "MALICIOUS": 0.0,
        "SANE": 0.0,
        "VALID": 0.0,
        "total": 100.0
    }
}