{
    "counter": {
        "ACTIVE": 14137,
        "INACTIVE": 6,
        "INVALID": 0,
        "MALICIOUS": 0,
        "SANE": 0,
        "VALID": 0,
        "total": 14143
    },
    "percentage": {
        "ACTIVE": 99.95757618609913,
        "INACTIVE": 0.04242381390086969,
        "INVALID": 0.0,
        "MALICIOUS": 0.0,
        "SANE": 0.0,
        "VALID": 0.0,
        "total": 100.0
    }
}