{
    "counter": {
        "ACTIVE": 24130,
        "INACTIVE": 6,
        "INVALID": 0,
        "MALICIOUS": 0,
        "SANE": 0,
        "VALID": 0,
        "total": 24136
    },
    "percentage": {
        "ACTIVE": 99.97514086841232,
        "INACTIVE": 0.02485913158766987,
        "INVALID": 0.0,
        "MALICIOUS": 0.0,
        "SANE": 0.0,
        "VALID": 0.0,
        "total": 100.0
    }
}