{
    "counter": {
        "ACTIVE": 15978,
        "INACTIVE": 4,
        "INVALID": 0,
        "MALICIOUS": 0,
        "SANE": 0,
        "VALID": 0,
        "total": 15982
    },
    "percentage": {
        "ACTIVE": 99.97497184332374,
        "INACTIVE": 0.025028156676260793,
        "INVALID": 0.0,
        "MALICIOUS": 0.0,
        "SANE": 0.0,
        "VALID": 0.0,
        "total": 100.0
    }
}