{
    "counter": {
        "ACTIVE": 24132,
        "INACTIVE": 3,
        "INVALID": 0,
        "MALICIOUS": 0,
        "SANE": 0,
        "VALID": 0,
        "total": 24135
    },
    "percentage": {
        "ACTIVE": 99.98756991920447,
        "INACTIVE": 0.012430080795525171,
        "INVALID": 0.0,
        "MALICIOUS": 0.0,
        "SANE": 0.0,
        "VALID": 0.0,
        "total": 100.0
    }
}