{
    "counter": {
        "ACTIVE": 15966,
        "INACTIVE": 1,
        "INVALID": 0,
        "MALICIOUS": 0,
        "SANE": 0,
        "VALID": 0,
        "total": 15967
    },
    "percentage": {
        "ACTIVE": 99.99373708273313,
        "INACTIVE": 0.006262917266862905,
        "INVALID": 0.0,
        "MALICIOUS": 0.0,
        "SANE": 0.0,
        "VALID": 0.0,
        "total": 100.0
    }
}