{
    "counter": {
        "ACTIVE": 24045,
        "INACTIVE": 10,
        "INVALID": 0,
        "MALICIOUS": 0,
        "SANE": 0,
        "VALID": 0,
        "total": 24055
    },
    "percentage": {
        "ACTIVE": 99.95842860112242,
        "INACTIVE": 0.04157139887757223,
        "INVALID": 0.0,
        "MALICIOUS": 0.0,
        "SANE": 0.0,
        "VALID": 0.0,
        "total": 100.0
    }
}