{
    "counter": {
        "ACTIVE": 24386,
        "INACTIVE": 4,
        "INVALID": 0,
        "MALICIOUS": 0,
        "SANE": 0,
        "VALID": 0,
        "total": 24390
    },
    "percentage": {
        "ACTIVE": 99.98359983599836,
        "INACTIVE": 0.016400164001640016,
        "INVALID": 0.0,
        "MALICIOUS": 0.0,
        "SANE": 0.0,
        "VALID": 0.0,
        "total": 100.0
    }
}