{
    "counter": {
        "ACTIVE": 24234,
        "INACTIVE": 6,
        "INVALID": 0,
        "MALICIOUS": 0,
        "SANE": 0,
        "VALID": 0,
        "total": 24240
    },
    "percentage": {
        "ACTIVE": 99.97524752475248,
        "INACTIVE": 0.024752475247524754,
        "INVALID": 0.0,
        "MALICIOUS": 0.0,
        "SANE": 0.0,
        "VALID": 0.0,
        "total": 100.0
    }
}