{
    "counter": {
        "ACTIVE": 14388,
        "INACTIVE": 6,
        "INVALID": 0,
        "MALICIOUS": 0,
        "SANE": 0,
        "VALID": 0,
        "total": 14394
    },
    "percentage": {
        "ACTIVE": 99.95831596498542,
        "INACTIVE": 0.041684035014589414,
        "INVALID": 0.0,
        "MALICIOUS": 0.0,
        "SANE": 0.0,
        "VALID": 0.0,
        "total": 100.0
    }
}