{
    "counter": {
        "ACTIVE": 15992,
        "INACTIVE": 1,
        "INVALID": 0,
        "MALICIOUS": 0,
        "SANE": 0,
        "VALID": 0,
        "total": 15993
    },
    "percentage": {
        "ACTIVE": 99.9937472644282,
        "INACTIVE": 0.006252735571812668,
        "INVALID": 0.0,
        "MALICIOUS": 0.0,
        "SANE": 0.0,
        "VALID": 0.0,
        "total": 100.0
    }
}