{
    "counter": {
        "ACTIVE": 24077,
        "INACTIVE": 3,
        "INVALID": 0,
        "MALICIOUS": 0,
        "SANE": 0,
        "VALID": 0,
        "total": 24080
    },
    "percentage": {
        "ACTIVE": 99.9875415282392,
        "INACTIVE": 0.012458471760797342,
        "INVALID": 0.0,
        "MALICIOUS": 0.0,
        "SANE": 0.0,
        "VALID": 0.0,
        "total": 100.0
    }
}