{
    "counter": {
        "ACTIVE": 15979,
        "INACTIVE": 6,
        "INVALID": 0,
        "MALICIOUS": 0,
        "SANE": 0,
        "VALID": 0,
        "total": 15985
    },
    "percentage": {
        "ACTIVE": 99.96246481076008,
        "INACTIVE": 0.03753518923991242,
        "INVALID": 0.0,
        "MALICIOUS": 0.0,
        "SANE": 0.0,
        "VALID": 0.0,
        "total": 100.0
    }
}