{
    "counter": {
        "ACTIVE": 24221,
        "INACTIVE": 14,
        "INVALID": 0,
        "MALICIOUS": 0,
        "SANE": 0,
        "VALID": 0,
        "total": 24235
    },
    "percentage": {
        "ACTIVE": 99.94223230864452,
        "INACTIVE": 0.057767691355477616,
        "INVALID": 0.0,
        "MALICIOUS": 0.0,
        "SANE": 0.0,
        "VALID": 0.0,
        "total": 100.0
    }
}