{
    "counter": {
        "ACTIVE": 15995,
        "INACTIVE": 2,
        "INVALID": 0,
        "MALICIOUS": 0,
        "SANE": 0,
        "VALID": 0,
        "total": 15997
    },
    "percentage": {
        "ACTIVE": 99.98749765581046,
        "INACTIVE": 0.012502344189535539,
        "INVALID": 0.0,
        "MALICIOUS": 0.0,
        "SANE": 0.0,
        "VALID": 0.0,
        "total": 100.0
    }
}