{
    "counter": {
        "ACTIVE": 15962,
        "INACTIVE": 6,
        "INVALID": 0,
        "MALICIOUS": 0,
        "SANE": 0,
        "VALID": 0,
        "total": 15968
    },
    "percentage": {
        "ACTIVE": 99.9624248496994,
        "INACTIVE": 0.037575150300601205,
        "INVALID": 0.0,
        "MALICIOUS": 0.0,
        "SANE": 0.0,
        "VALID": 0.0,
        "total": 100.0
    }
}