{
    "counter": {
        "ACTIVE": 24227,
        "INACTIVE": 8,
        "INVALID": 0,
        "MALICIOUS": 0,
        "SANE": 0,
        "VALID": 0,
        "total": 24235
    },
    "percentage": {
        "ACTIVE": 99.96698989065402,
        "INACTIVE": 0.03301010934598721,
        "INVALID": 0.0,
        "MALICIOUS": 0.0,
        "SANE": 0.0,
        "VALID": 0.0,
        "total": 100.0
    }
}