{
    "counter": {
        "ACTIVE": 24133,
        "INACTIVE": 6,
        "INVALID": 0,
        "MALICIOUS": 0,
        "SANE": 0,
        "VALID": 0,
        "total": 24139
    },
    "percentage": {
        "ACTIVE": 99.97514395791043,
        "INACTIVE": 0.024856042089564604,
        "INVALID": 0.0,
        "MALICIOUS": 0.0,
        "SANE": 0.0,
        "VALID": 0.0,
        "total": 100.0
    }
}