{
    "counter": {
        "ACTIVE": 24166,
        "INACTIVE": 2,
        "INVALID": 0,
        "MALICIOUS": 0,
        "SANE": 0,
        "VALID": 0,
        "total": 24168
    },
    "percentage": {
        "ACTIVE": 99.99172459450513,
        "INACTIVE": 0.00827540549486925,
        "INVALID": 0.0,
        "MALICIOUS": 0.0,
        "SANE": 0.0,
        "VALID": 0.0,
        "total": 100.0
    }
}