{
    "counter": {
        "ACTIVE": 24139,
        "INACTIVE": 2,
        "INVALID": 0,
        "MALICIOUS": 0,
        "SANE": 0,
        "VALID": 0,
        "total": 24141
    },
    "percentage": {
        "ACTIVE": 99.99171533904975,
        "INACTIVE": 0.008284660950250612,
        "INVALID": 0.0,
        "MALICIOUS": 0.0,
        "SANE": 0.0,
        "VALID": 0.0,
        "total": 100.0
    }
}