{
    "counter": {
        "ACTIVE": 24229,
        "INACTIVE": 8,
        "INVALID": 0,
        "MALICIOUS": 0,
        "SANE": 0,
        "VALID": 0,
        "total": 24237
    },
    "percentage": {
        "ACTIVE": 99.96699261459752,
        "INACTIVE": 0.0330073854024838,
        "INVALID": 0.0,
        "MALICIOUS": 0.0,
        "SANE": 0.0,
        "VALID": 0.0,
        "total": 100.0
    }
}