{
    "counter": {
        "ACTIVE": 24177,
        "INACTIVE": 6,
        "INVALID": 0,
        "MALICIOUS": 0,
        "SANE": 0,
        "VALID": 0,
        "total": 24183
    },
    "percentage": {
        "ACTIVE": 99.97518918248356,
        "INACTIVE": 0.024810817516437166,
        "INVALID": 0.0,
        "MALICIOUS": 0.0,
        "SANE": 0.0,
        "VALID": 0.0,
        "total": 100.0
    }
}