{
    "counter": {
        "ACTIVE": 24246,
        "INACTIVE": 11,
        "INVALID": 0,
        "MALICIOUS": 0,
        "SANE": 0,
        "VALID": 0,
        "total": 24257
    },
    "percentage": {
        "ACTIVE": 99.95465226532548,
        "INACTIVE": 0.04534773467452694,
        "INVALID": 0.0,
        "MALICIOUS": 0.0,
        "SANE": 0.0,
        "VALID": 0.0,
        "total": 100.0
    }
}