{
    "counter": {
        "ACTIVE": 24165,
        "INACTIVE": 36,
        "INVALID": 0,
        "MALICIOUS": 0,
        "SANE": 0,
        "VALID": 0,
        "total": 24201
    },
    "percentage": {
        "ACTIVE": 99.85124581628858,
        "INACTIVE": 0.14875418371141688,
        "INVALID": 0.0,
        "MALICIOUS": 0.0,
        "SANE": 0.0,
        "VALID": 0.0,
        "total": 100.0
    }
}