{
    "counter": {
        "ACTIVE": 24315,
        "INACTIVE": 5,
        "INVALID": 0,
        "MALICIOUS": 0,
        "SANE": 0,
        "VALID": 0,
        "total": 24320
    },
    "percentage": {
        "ACTIVE": 99.97944078947368,
        "INACTIVE": 0.02055921052631579,
        "INVALID": 0.0,
        "MALICIOUS": 0.0,
        "SANE": 0.0,
        "VALID": 0.0,
        "total": 100.0
    }
}