{
    "counter": {
        "ACTIVE": 24268,
        "INACTIVE": 7,
        "INVALID": 0,
        "MALICIOUS": 0,
        "SANE": 0,
        "VALID": 0,
        "total": 24275
    },
    "percentage": {
        "ACTIVE": 99.97116374871267,
        "INACTIVE": 0.028836251287332648,
        "INVALID": 0.0,
        "MALICIOUS": 0.0,
        "SANE": 0.0,
        "VALID": 0.0,
        "total": 100.0
    }
}