{
    "counter": {
        "ACTIVE": 24171,
        "INACTIVE": 31,
        "INVALID": 0,
        "MALICIOUS": 0,
        "SANE": 0,
        "VALID": 0,
        "total": 24202
    },
    "percentage": {
        "ACTIVE": 99.87191141227997,
        "INACTIVE": 0.12808858772002313,
        "INVALID": 0.0,
        "MALICIOUS": 0.0,
        "SANE": 0.0,
        "VALID": 0.0,
        "total": 100.0
    }
}