{
    "counter": {
        "ACTIVE": 14383,
        "INACTIVE": 2,
        "INVALID": 0,
        "MALICIOUS": 0,
        "SANE": 0,
        "VALID": 0,
        "total": 14385
    },
    "percentage": {
        "ACTIVE": 99.98609662843239,
        "INACTIVE": 0.013903371567605145,
        "INVALID": 0.0,
        "MALICIOUS": 0.0,
        "SANE": 0.0,
        "VALID": 0.0,
        "total": 100.0
    }
}