{
    "counter": {
        "ACTIVE": 24137,
        "INACTIVE": 1,
        "INVALID": 0,
        "MALICIOUS": 0,
        "SANE": 0,
        "VALID": 0,
        "total": 24138
    },
    "percentage": {
        "ACTIVE": 99.99585715469384,
        "INACTIVE": 0.004142845306156268,
        "INVALID": 0.0,
        "MALICIOUS": 0.0,
        "SANE": 0.0,
        "VALID": 0.0,
        "total": 100.0
    }
}