{
    "counter": {
        "ACTIVE": 14387,
        "INACTIVE": 4,
        "INVALID": 0,
        "MALICIOUS": 0,
        "SANE": 0,
        "VALID": 0,
        "total": 14391
    },
    "percentage": {
        "ACTIVE": 99.97220485025363,
        "INACTIVE": 0.02779514974636926,
        "INVALID": 0.0,
        "MALICIOUS": 0.0,
        "SANE": 0.0,
        "VALID": 0.0,
        "total": 100.0
    }
}