{
    "counter": {
        "ACTIVE": 14737,
        "INACTIVE": 2,
        "INVALID": 0,
        "MALICIOUS": 0,
        "SANE": 0,
        "VALID": 0,
        "total": 14739
    },
    "percentage": {
        "ACTIVE": 99.98643055838252,
        "INACTIVE": 0.01356944161747744,
        "INVALID": 0.0,
        "MALICIOUS": 0.0,
        "SANE": 0.0,
        "VALID": 0.0,
        "total": 100.0
    }
}