{
    "counter": {
        "ACTIVE": 24156,
        "INACTIVE": 18,
        "INVALID": 0,
        "MALICIOUS": 0,
        "SANE": 0,
        "VALID": 0,
        "total": 24174
    },
    "percentage": {
        "ACTIVE": 99.92553983618764,
        "INACTIVE": 0.07446016381236038,
        "INVALID": 0.0,
        "MALICIOUS": 0.0,
        "SANE": 0.0,
        "VALID": 0.0,
        "total": 100.0
    }
}