{
    "counter": {
        "ACTIVE": 24322,
        "INACTIVE": 5,
        "INVALID": 0,
        "MALICIOUS": 0,
        "SANE": 0,
        "VALID": 0,
        "total": 24327
    },
    "percentage": {
        "ACTIVE": 99.97944670530686,
        "INACTIVE": 0.02055329469313931,
        "INVALID": 0.0,
        "MALICIOUS": 0.0,
        "SANE": 0.0,
        "VALID": 0.0,
        "total": 100.0
    }
}