{
    "counter": {
        "ACTIVE": 13953,
        "INACTIVE": 4,
        "INVALID": 0,
        "MALICIOUS": 0,
        "SANE": 0,
        "VALID": 0,
        "total": 13957
    },
    "percentage": {
        "ACTIVE": 99.9713405459626,
        "INACTIVE": 0.028659454037400587,
        "INVALID": 0.0,
        "MALICIOUS": 0.0,
        "SANE": 0.0,
        "VALID": 0.0,
        "total": 100.0
    }
}