{
    "counter": {
        "ACTIVE": 24233,
        "INACTIVE": 3,
        "INVALID": 0,
        "MALICIOUS": 0,
        "SANE": 0,
        "VALID": 0,
        "total": 24236
    },
    "percentage": {
        "ACTIVE": 99.98762171975574,
        "INACTIVE": 0.01237828024426473,
        "INVALID": 0.0,
        "MALICIOUS": 0.0,
        "SANE": 0.0,
        "VALID": 0.0,
        "total": 100.0
    }
}