{
    "counter": {
        "ACTIVE": 14385,
        "INACTIVE": 1,
        "INVALID": 0,
        "MALICIOUS": 0,
        "SANE": 0,
        "VALID": 0,
        "total": 14386
    },
    "percentage": {
        "ACTIVE": 99.99304879744196,
        "INACTIVE": 0.006951202558042541,
        "INVALID": 0.0,
        "MALICIOUS": 0.0,
        "SANE": 0.0,
        "VALID": 0.0,
        "total": 100.0
    }
}