{
    "counter": {
        "ACTIVE": 24017,
        "INACTIVE": 11,
        "INVALID": 0,
        "MALICIOUS": 0,
        "SANE": 0,
        "VALID": 0,
        "total": 24028
    },
    "percentage": {
        "ACTIVE": 99.95422007657733,
        "INACTIVE": 0.04577992342267355,
        "INVALID": 0.0,
        "MALICIOUS": 0.0,
        "SANE": 0.0,
        "VALID": 0.0,
        "total": 100.0
    }
}