{
    "counter": {
        "ACTIVE": 24141,
        "INACTIVE": 1,
        "INVALID": 1,
        "MALICIOUS": 0,
        "SANE": 0,
        "VALID": 0,
        "total": 24143
    },
    "percentage": {
        "ACTIVE": 99.99171602534896,
        "INACTIVE": 0.0041419873255187836,
        "INVALID": 0.0041419873255187836,
        "MALICIOUS": 0.0,
        "SANE": 0.0,
        "VALID": 0.0,
        "total": 100.00000000000001
    }
}