{
    "counter": {
        "ACTIVE": 15950,
        "INACTIVE": 7,
        "INVALID": 0,
        "MALICIOUS": 0,
        "SANE": 0,
        "VALID": 0,
        "total": 15957
    },
    "percentage": {
        "ACTIVE": 99.95613210503227,
        "INACTIVE": 0.043867894967725765,
        "INVALID": 0.0,
        "MALICIOUS": 0.0,
        "SANE": 0.0,
        "VALID": 0.0,
        "total": 100.0
    }
}