{
    "counter": {
        "ACTIVE": 14052,
        "INACTIVE": 4,
        "INVALID": 0,
        "MALICIOUS": 0,
        "SANE": 0,
        "VALID": 0,
        "total": 14056
    },
    "percentage": {
        "ACTIVE": 99.97154240182128,
        "INACTIVE": 0.028457598178713718,
        "INVALID": 0.0,
        "MALICIOUS": 0.0,
        "SANE": 0.0,
        "VALID": 0.0,
        "total": 100.0
    }
}