{
    "counter": {
        "ACTIVE": 15998,
        "INACTIVE": 7,
        "INVALID": 0,
        "MALICIOUS": 0,
        "SANE": 0,
        "VALID": 0,
        "total": 16005
    },
    "percentage": {
        "ACTIVE": 99.95626366760388,
        "INACTIVE": 0.04373633239612621,
        "INVALID": 0.0,
        "MALICIOUS": 0.0,
        "SANE": 0.0,
        "VALID": 0.0,
        "total": 100.0
    }
}