{
    "counter": {
        "ACTIVE": 24089,
        "INACTIVE": 11,
        "INVALID": 0,
        "MALICIOUS": 0,
        "SANE": 0,
        "VALID": 0,
        "total": 24100
    },
    "percentage": {
        "ACTIVE": 99.95435684647303,
        "INACTIVE": 0.04564315352697095,
        "INVALID": 0.0,
        "MALICIOUS": 0.0,
        "SANE": 0.0,
        "VALID": 0.0,
        "total": 100.0
    }
}