{
    "counter": {
        "ACTIVE": 24160,
        "INACTIVE": 9,
        "INVALID": 0,
        "MALICIOUS": 0,
        "SANE": 0,
        "VALID": 0,
        "total": 24169
    },
    "percentage": {
        "ACTIVE": 99.9627622160619,
        "INACTIVE": 0.03723778393810253,
        "INVALID": 0.0,
        "MALICIOUS": 0.0,
        "SANE": 0.0,
        "VALID": 0.0,
        "total": 100.0
    }
}