{
    "counter": {
        "ACTIVE": 24416,
        "INACTIVE": 1,
        "INVALID": 0,
        "MALICIOUS": 0,
        "SANE": 0,
        "VALID": 0,
        "total": 24417
    },
    "percentage": {
        "ACTIVE": 99.99590449277143,
        "INACTIVE": 0.004095507228570258,
        "INVALID": 0.0,
        "MALICIOUS": 0.0,
        "SANE": 0.0,
        "VALID": 0.0,
        "total": 100.0
    }
}