{
    "counter": {
        "ACTIVE": 13952,
        "INACTIVE": 1,
        "INVALID": 0,
        "MALICIOUS": 0,
        "SANE": 0,
        "VALID": 0,
        "total": 13953
    },
    "percentage": {
        "ACTIVE": 99.99283308249122,
        "INACTIVE": 0.007166917508779474,
        "INVALID": 0.0,
        "MALICIOUS": 0.0,
        "SANE": 0.0,
        "VALID": 0.0,
        "total": 100.0
    }
}