{
    "counter": {
        "ACTIVE": 24163,
        "INACTIVE": 19,
        "INVALID": 0,
        "MALICIOUS": 0,
        "SANE": 0,
        "VALID": 0,
        "total": 24182
    },
    "percentage": {
        "ACTIVE": 99.92142916218675,
        "INACTIVE": 0.07857083781324953,
        "INVALID": 0.0,
        "MALICIOUS": 0.0,
        "SANE": 0.0,
        "VALID": 0.0,
        "total": 100.0
    }
}