{
    "counter": {
        "ACTIVE": 14053,
        "INACTIVE": 1,
        "INVALID": 0,
        "MALICIOUS": 0,
        "SANE": 0,
        "VALID": 0,
        "total": 14054
    },
    "percentage": {
        "ACTIVE": 99.99288458801765,
        "INACTIVE": 0.0071154119823537785,
        "INVALID": 0.0,
        "MALICIOUS": 0.0,
        "SANE": 0.0,
        "VALID": 0.0,
        "total": 100.0
    }
}