{
    "counter": {
        "ACTIVE": 15946,
        "INACTIVE": 2,
        "INVALID": 0,
        "MALICIOUS": 0,
        "SANE": 0,
        "VALID": 0,
        "total": 15948
    },
    "percentage": {
        "ACTIVE": 99.98745924253825,
        "INACTIVE": 0.01254075746175069,
        "INVALID": 0.0,
        "MALICIOUS": 0.0,
        "SANE": 0.0,
        "VALID": 0.0,
        "total": 100.0
    }
}