{
    "counter": {
        "ACTIVE": 24154,
        "INACTIVE": 15,
        "INVALID": 0,
        "MALICIOUS": 0,
        "SANE": 0,
        "VALID": 0,
        "total": 24169
    },
    "percentage": {
        "ACTIVE": 99.93793702676983,
        "INACTIVE": 0.06206297323017088,
        "INVALID": 0.0,
        "MALICIOUS": 0.0,
        "SANE": 0.0,
        "VALID": 0.0,
        "total": 100.0
    }
}