{
    "counter": {
        "ACTIVE": 24396,
        "INACTIVE": 18,
        "INVALID": 0,
        "MALICIOUS": 0,
        "SANE": 0,
        "VALID": 0,
        "total": 24414
    },
    "percentage": {
        "ACTIVE": 99.92627181125583,
        "INACTIVE": 0.07372818874416319,
        "INVALID": 0.0,
        "MALICIOUS": 0.0,
        "SANE": 0.0,
        "VALID": 0.0,
        "total": 100.0
    }
}