{
    "counter": {
        "ACTIVE": 24074,
        "INACTIVE": 16,
        "INVALID": 0,
        "MALICIOUS": 0,
        "SANE": 0,
        "VALID": 0,
        "total": 24090
    },
    "percentage": {
        "ACTIVE": 99.93358239933582,
        "INACTIVE": 0.06641760066417601,
        "INVALID": 0.0,
        "MALICIOUS": 0.0,
        "SANE": 0.0,
        "VALID": 0.0,
        "total": 100.0
    }
}