{
    "counter": {
        "ACTIVE": 24146,
        "INACTIVE": 4,
        "INVALID": 0,
        "MALICIOUS": 0,
        "SANE": 0,
        "VALID": 0,
        "total": 24150
    },
    "percentage": {
        "ACTIVE": 99.98343685300208,
        "INACTIVE": 0.016563146997929608,
        "INVALID": 0.0,
        "MALICIOUS": 0.0,
        "SANE": 0.0,
        "VALID": 0.0,
        "total": 100.0
    }
}