{
    "counter": {
        "ACTIVE": 14739,
        "INACTIVE": 2,
        "INVALID": 0,
        "MALICIOUS": 0,
        "SANE": 0,
        "VALID": 0,
        "total": 14741
    },
    "percentage": {
        "ACTIVE": 99.98643239943016,
        "INACTIVE": 0.013567600569839224,
        "INVALID": 0.0,
        "MALICIOUS": 0.0,
        "SANE": 0.0,
        "VALID": 0.0,
        "total": 100.0
    }
}