{
    "counter": {
        "ACTIVE": 24172,
        "INACTIVE": 1,
        "INVALID": 0,
        "MALICIOUS": 0,
        "SANE": 0,
        "VALID": 0,
        "total": 24173
    },
    "percentage": {
        "ACTIVE": 99.99586315310471,
        "INACTIVE": 0.004136846895296405,
        "INVALID": 0.0,
        "MALICIOUS": 0.0,
        "SANE": 0.0,
        "VALID": 0.0,
        "total": 100.0
    }
}