{
    "counter": {
        "ACTIVE": 24197,
        "INACTIVE": 29,
        "INVALID": 0,
        "MALICIOUS": 0,
        "SANE": 0,
        "VALID": 0,
        "total": 24226
    },
    "percentage": {
        "ACTIVE": 99.88029389911665,
        "INACTIVE": 0.11970610088334847,
        "INVALID": 0.0,
        "MALICIOUS": 0.0,
        "SANE": 0.0,
        "VALID": 0.0,
        "total": 100.0
    }
}