{
    "counter": {
        "ACTIVE": 24398,
        "INACTIVE": 5,
        "INVALID": 0,
        "MALICIOUS": 0,
        "SANE": 0,
        "VALID": 0,
        "total": 24403
    },
    "percentage": {
        "ACTIVE": 99.97951071589559,
        "INACTIVE": 0.02048928410441339,
        "INVALID": 0.0,
        "MALICIOUS": 0.0,
        "SANE": 0.0,
        "VALID": 0.0,
        "total": 100.0
    }
}