{
    "counter": {
        "ACTIVE": 24148,
        "INACTIVE": 4,
        "INVALID": 0,
        "MALICIOUS": 0,
        "SANE": 0,
        "VALID": 0,
        "total": 24152
    },
    "percentage": {
        "ACTIVE": 99.98343822457767,
        "INACTIVE": 0.016561775422325273,
        "INVALID": 0.0,
        "MALICIOUS": 0.0,
        "SANE": 0.0,
        "VALID": 0.0,
        "total": 100.0
    }
}