{
    "counter": {
        "ACTIVE": 24349,
        "INACTIVE": 3,
        "INVALID": 0,
        "MALICIOUS": 0,
        "SANE": 0,
        "VALID": 0,
        "total": 24352
    },
    "percentage": {
        "ACTIVE": 99.98768068331144,
        "INACTIVE": 0.012319316688567674,
        "INVALID": 0.0,
        "MALICIOUS": 0.0,
        "SANE": 0.0,
        "VALID": 0.0,
        "total": 100.0
    }
}