{
    "counter": {
        "ACTIVE": 24244,
        "INACTIVE": 16,
        "INVALID": 0,
        "MALICIOUS": 0,
        "SANE": 0,
        "VALID": 0,
        "total": 24260
    },
    "percentage": {
        "ACTIVE": 99.93404781533388,
        "INACTIVE": 0.06595218466611706,
        "INVALID": 0.0,
        "MALICIOUS": 0.0,
        "SANE": 0.0,
        "VALID": 0.0,
        "total": 100.0
    }
}