{
    "counter": {
        "ACTIVE": 24320,
        "INACTIVE": 21,
        "INVALID": 0,
        "MALICIOUS": 0,
        "SANE": 0,
        "VALID": 0,
        "total": 24341
    },
    "percentage": {
        "ACTIVE": 99.91372581241527,
        "INACTIVE": 0.08627418758473358,
        "INVALID": 0.0,
        "MALICIOUS": 0.0,
        "SANE": 0.0,
        "VALID": 0.0,
        "total": 100.0
    }
}